--
-- PostgreSQL database dump
--

-- Dumped from database version 16.1
-- Dumped by pg_dump version 16.1

SET statement_timeout = 0;
SET lock_timeout = 0;
SET idle_in_transaction_session_timeout = 0;
SET client_encoding = 'UTF8';
SET standard_conforming_strings = on;
SELECT pg_catalog.set_config('search_path', '', false);
SET check_function_bodies = false;
SET xmloption = content;
SET client_min_messages = warning;
SET row_security = off;

SET default_tablespace = '';

SET default_table_access_method = heap;

--
-- Name: courses; Type: TABLE; Schema: public; Owner: postgres
--

CREATE TABLE public.courses (
    id integer NOT NULL,
    name character varying(255) NOT NULL,
    price integer DEFAULT 0,
    created_at timestamp with time zone DEFAULT now(),
    updated_at timestamp with time zone DEFAULT now()
);


ALTER TABLE public.courses OWNER TO postgres;

--
-- Name: courses_id_seq; Type: SEQUENCE; Schema: public; Owner: postgres
--

ALTER TABLE public.courses ALTER COLUMN id ADD GENERATED BY DEFAULT AS IDENTITY (
    SEQUENCE NAME public.courses_id_seq
    START WITH 1
    INCREMENT BY 1
    NO MINVALUE
    NO MAXVALUE
    CACHE 1
);


--
-- Name: orders; Type: TABLE; Schema: public; Owner: postgres
--

CREATE TABLE public.orders (
    "id " integer NOT NULL,
    user_id integer,
    total integer,
    created_at timestamp with time zone,
    updated_at timestamp with time zone
);


ALTER TABLE public.orders OWNER TO postgres;

--
-- Name: orders_id _seq; Type: SEQUENCE; Schema: public; Owner: postgres
--

ALTER TABLE public.orders ALTER COLUMN "id " ADD GENERATED ALWAYS AS IDENTITY (
    SEQUENCE NAME public."orders_id _seq"
    START WITH 1
    INCREMENT BY 1
    NO MINVALUE
    NO MAXVALUE
    CACHE 1
);


--
-- Name: phones; Type: TABLE; Schema: public; Owner: postgres
--

CREATE TABLE public.phones (
    id integer NOT NULL,
    phone character varying(20) NOT NULL,
    created_at timestamp with time zone DEFAULT now(),
    updated_at timestamp with time zone DEFAULT now()
);


ALTER TABLE public.phones OWNER TO postgres;

--
-- Name: phones_id_seq; Type: SEQUENCE; Schema: public; Owner: postgres
--

ALTER TABLE public.phones ALTER COLUMN id ADD GENERATED BY DEFAULT AS IDENTITY (
    SEQUENCE NAME public.phones_id_seq
    START WITH 1
    INCREMENT BY 1
    NO MINVALUE
    NO MAXVALUE
    CACHE 1
);


--
-- Name: posts; Type: TABLE; Schema: public; Owner: postgres
--

CREATE TABLE public.posts (
    id integer NOT NULL,
    title character varying(255) NOT NULL,
    content text NOT NULL,
    user_id integer,
    created_at timestamp with time zone DEFAULT now(),
    updated_at timestamp with time zone DEFAULT now()
);


ALTER TABLE public.posts OWNER TO postgres;

--
-- Name: posts_id_seq; Type: SEQUENCE; Schema: public; Owner: postgres
--

ALTER TABLE public.posts ALTER COLUMN id ADD GENERATED BY DEFAULT AS IDENTITY (
    SEQUENCE NAME public.posts_id_seq
    START WITH 1
    INCREMENT BY 1
    NO MINVALUE
    NO MAXVALUE
    CACHE 1
);


--
-- Name: users; Type: TABLE; Schema: public; Owner: postgres
--

CREATE TABLE public.users (
    id integer NOT NULL,
    name character varying(50) NOT NULL,
    email character varying(100) NOT NULL,
    status boolean DEFAULT false,
    phone_id integer,
    created_at timestamp with time zone DEFAULT now(),
    updated_at timestamp with time zone DEFAULT now()
);


ALTER TABLE public.users OWNER TO postgres;

--
-- Name: users_courses; Type: TABLE; Schema: public; Owner: postgres
--

CREATE TABLE public.users_courses (
    id integer NOT NULL,
    user_id integer,
    course_id integer,
    created_at timestamp with time zone DEFAULT now(),
    updated_at timestamp with time zone DEFAULT now()
);


ALTER TABLE public.users_courses OWNER TO postgres;

--
-- Name: users_courses_id_seq; Type: SEQUENCE; Schema: public; Owner: postgres
--

ALTER TABLE public.users_courses ALTER COLUMN id ADD GENERATED BY DEFAULT AS IDENTITY (
    SEQUENCE NAME public.users_courses_id_seq
    START WITH 1
    INCREMENT BY 1
    NO MINVALUE
    NO MAXVALUE
    CACHE 1
);


--
-- Name: users_id_seq; Type: SEQUENCE; Schema: public; Owner: postgres
--

ALTER TABLE public.users ALTER COLUMN id ADD GENERATED BY DEFAULT AS IDENTITY (
    SEQUENCE NAME public.users_id_seq
    START WITH 1
    INCREMENT BY 1
    NO MINVALUE
    NO MAXVALUE
    CACHE 1
);


--
-- Data for Name: courses; Type: TABLE DATA; Schema: public; Owner: postgres
--

COPY public.courses (id, name, price, created_at, updated_at) FROM stdin;
1	KHOA1	1000	2023-12-24 20:46:29.614559+07	2023-12-24 20:46:29.614559+07
2	KHOA2	3000	2023-12-24 20:46:29.614559+07	2023-12-24 20:46:29.614559+07
3	KHOA3	2000	2023-12-24 20:46:29.614559+07	2023-12-24 20:46:29.614559+07
\.


--
-- Data for Name: orders; Type: TABLE DATA; Schema: public; Owner: postgres
--

COPY public.orders ("id ", user_id, total, created_at, updated_at) FROM stdin;
\.


--
-- Data for Name: phones; Type: TABLE DATA; Schema: public; Owner: postgres
--

COPY public.phones (id, phone, created_at, updated_at) FROM stdin;
4	0981089128	2023-12-24 20:42:35.197827+07	2023-12-24 20:42:35.197827+07
5	0981089121	2023-12-24 20:42:35.197827+07	2023-12-24 20:42:35.197827+07
6	0981089122	2023-12-24 20:42:35.197827+07	2023-12-24 20:42:35.197827+07
\.


--
-- Data for Name: posts; Type: TABLE DATA; Schema: public; Owner: postgres
--

COPY public.posts (id, title, content, user_id, created_at, updated_at) FROM stdin;
1	title1	content1	1	2023-12-24 20:47:22.095691+07	2023-12-24 20:47:22.095691+07
2	title2	content2	1	2023-12-24 20:47:22.095691+07	2023-12-24 20:47:22.095691+07
3	title3	CONTENT3	2	2023-12-24 20:47:22.095691+07	2023-12-24 20:47:22.095691+07
4	title4	content 4	2	2023-12-24 20:47:22.095691+07	2023-12-24 20:47:22.095691+07
5	title5	content5	3	2023-12-24 20:47:22.095691+07	2023-12-24 20:47:22.095691+07
6	title6	content6	3	2023-12-24 20:47:22.095691+07	2023-12-24 20:47:22.095691+07
7	title7	content7	4	2023-12-27 20:18:25.275905+07	2023-12-27 20:18:25.275905+07
\.


--
-- Data for Name: users; Type: TABLE DATA; Schema: public; Owner: postgres
--

COPY public.users (id, name, email, status, phone_id, created_at, updated_at) FROM stdin;
1	user1	user1@gmail.com	f	4	2023-12-24 20:43:11.21694+07	2023-12-24 20:43:11.21694+07
2	user2	user2@gmail.com	f	5	2023-12-24 20:43:11.21694+07	2023-12-24 20:43:11.21694+07
3	user3	user3@gmail.com	f	6	2023-12-24 20:43:11.21694+07	2023-12-24 20:43:11.21694+07
4	User4\n	user4@gmail.com	f	\N	2023-12-27 15:59:19.045282+07	2023-12-27 15:59:19.045282+07
5	User5\n\n	user5@gmail.com	f	\N	2023-12-27 19:53:32.976989+07	2023-12-27 19:53:32.976989+07
\.


--
-- Data for Name: users_courses; Type: TABLE DATA; Schema: public; Owner: postgres
--

COPY public.users_courses (id, user_id, course_id, created_at, updated_at) FROM stdin;
1	1	1	2023-12-24 20:48:21.97708+07	2023-12-24 20:48:21.97708+07
2	2	1	2023-12-24 20:48:21.97708+07	2023-12-24 20:48:21.97708+07
3	3	2	2023-12-24 20:48:21.97708+07	2023-12-24 20:48:21.97708+07
4	2	2	2023-12-24 20:48:21.97708+07	2023-12-24 20:48:21.97708+07
\.


--
-- Name: courses_id_seq; Type: SEQUENCE SET; Schema: public; Owner: postgres
--

SELECT pg_catalog.setval('public.courses_id_seq', 3, true);


--
-- Name: orders_id _seq; Type: SEQUENCE SET; Schema: public; Owner: postgres
--

SELECT pg_catalog.setval('public."orders_id _seq"', 1, false);


--
-- Name: phones_id_seq; Type: SEQUENCE SET; Schema: public; Owner: postgres
--

SELECT pg_catalog.setval('public.phones_id_seq', 6, true);


--
-- Name: posts_id_seq; Type: SEQUENCE SET; Schema: public; Owner: postgres
--

SELECT pg_catalog.setval('public.posts_id_seq', 7, true);


--
-- Name: users_courses_id_seq; Type: SEQUENCE SET; Schema: public; Owner: postgres
--

SELECT pg_catalog.setval('public.users_courses_id_seq', 4, true);


--
-- Name: users_id_seq; Type: SEQUENCE SET; Schema: public; Owner: postgres
--

SELECT pg_catalog.setval('public.users_id_seq', 5, true);


--
-- Name: courses courses_pkey; Type: CONSTRAINT; Schema: public; Owner: postgres
--

ALTER TABLE ONLY public.courses
    ADD CONSTRAINT courses_pkey PRIMARY KEY (id);


--
-- Name: orders orders_pkey; Type: CONSTRAINT; Schema: public; Owner: postgres
--

ALTER TABLE ONLY public.orders
    ADD CONSTRAINT orders_pkey PRIMARY KEY ("id ");


--
-- Name: phones phones_phone_key; Type: CONSTRAINT; Schema: public; Owner: postgres
--

ALTER TABLE ONLY public.phones
    ADD CONSTRAINT phones_phone_key UNIQUE (phone);


--
-- Name: phones phones_pkey; Type: CONSTRAINT; Schema: public; Owner: postgres
--

ALTER TABLE ONLY public.phones
    ADD CONSTRAINT phones_pkey PRIMARY KEY (id);


--
-- Name: posts posts_pkey; Type: CONSTRAINT; Schema: public; Owner: postgres
--

ALTER TABLE ONLY public.posts
    ADD CONSTRAINT posts_pkey PRIMARY KEY (id);


--
-- Name: users_courses users_courses_pkey; Type: CONSTRAINT; Schema: public; Owner: postgres
--

ALTER TABLE ONLY public.users_courses
    ADD CONSTRAINT users_courses_pkey PRIMARY KEY (id);


--
-- Name: users users_email_key; Type: CONSTRAINT; Schema: public; Owner: postgres
--

ALTER TABLE ONLY public.users
    ADD CONSTRAINT users_email_key UNIQUE (email);


--
-- Name: users users_pkey; Type: CONSTRAINT; Schema: public; Owner: postgres
--

ALTER TABLE ONLY public.users
    ADD CONSTRAINT users_pkey PRIMARY KEY (id);


--
-- Name: users_status_index; Type: INDEX; Schema: public; Owner: postgres
--

CREATE INDEX users_status_index ON public.users USING btree (status);


--
-- Name: orders orders_user_id_fk; Type: FK CONSTRAINT; Schema: public; Owner: postgres
--

ALTER TABLE ONLY public.orders
    ADD CONSTRAINT orders_user_id_fk FOREIGN KEY (user_id) REFERENCES public.users(id);


--
-- Name: posts posts_user_id_fkey; Type: FK CONSTRAINT; Schema: public; Owner: postgres
--

ALTER TABLE ONLY public.posts
    ADD CONSTRAINT posts_user_id_fkey FOREIGN KEY (user_id) REFERENCES public.users(id);


--
-- Name: users_courses users_courses_course_id_fkey; Type: FK CONSTRAINT; Schema: public; Owner: postgres
--

ALTER TABLE ONLY public.users_courses
    ADD CONSTRAINT users_courses_course_id_fkey FOREIGN KEY (course_id) REFERENCES public.courses(id);


--
-- Name: users_courses users_courses_user_id_fkey; Type: FK CONSTRAINT; Schema: public; Owner: postgres
--

ALTER TABLE ONLY public.users_courses
    ADD CONSTRAINT users_courses_user_id_fkey FOREIGN KEY (user_id) REFERENCES public.users(id);


--
-- Name: users users_phone_id_fkey; Type: FK CONSTRAINT; Schema: public; Owner: postgres
--

ALTER TABLE ONLY public.users
    ADD CONSTRAINT users_phone_id_fkey FOREIGN KEY (phone_id) REFERENCES public.phones(id);


--
-- PostgreSQL database dump complete
--

